bus_id,soc,hh,mm,charger_loc
150115A,0.4993,0,1,1
3302DTS,0.243,0,2,1
2012A,0.3365,15,12,1
9559,0.1568,15,25,1
2522A,0.6675,18,14,1
703,0.508512439,12,20,1
703,0.612,14,20,1
725,0.8,17,58,1
727,0.5166,13,15,1
727,0.733,18,25,1
728,0.577699,12,10,1
752,0.39526,16,39,1
752,0.6,22,8,1
